{"cameraMode":{"drawMode":0,"name":"Shaded","section":"Shading Mode"},"sceneLighting":true,"audioPlay":false,"sceneViewState":{"showFog":true,"showMaterialUpdate":false,"showSkybox":true,"showFlares":true,"showImageEffects":true,"showParticleSystems":true},"in2DMode":false,"pivot":{"x":764.0999755859375,"y":402.70001220703127,"z":0.0},"rotation":{"x":-0.07626668363809586,"y":-0.10985405743122101,"z":0.008454827591776848,"w":-0.9909841418266296},"size":191.9119873046875,"orthographic":false}